filepath,label
piJAMA/jazz/C-Jam Blues.npz,1
piJAMA/jazz/Mirror.npz,1
piast/piast_at/jazz/P_IJ-7J9KzE.npz,1
piJAMA/jazz/These Foolish Things.npz,1
piJAMA/jazz/A Gal In Calico.npz,1
piast/piast_yt/jazz/CVRa00v2-04.npz,1
piJAMA/jazz/Jingle Bells.npz,1
piast/piast_yt/jazz/3AtmIjiDaCI.npz,1
"piJAMA/jazz/Blue And Sentimental - Live At Maybeck Recital Hall, Berkeley, CA  November 14-16, 1994.npz",1
"piJAMA/jazz/The Maybeck Blues - Live At Maybeck Recital Hall, Berkeley, CA  August 9, 1992.npz",1
piast/piast_at/jazz/hi5bbqp4fq8.npz,1
piast/piast_yt/jazz/AM0J302L3Ks.npz,1
piast/piast_yt/jazz/oT5SvvUm-bs.npz,1
piast/piast_yt/jazz/Yb8M9VXCgs8.npz,1
piJAMA/jazz/In Case You've Forgotten.npz,1
piast/piast_at/jazz/pAXEqyf10tg.npz,1
piJAMA/jazz/Hospitality Creek.npz,1
piast/piast_yt/jazz/fj6dtidon8o.npz,1
piast/piast_at/jazz/2O0IFuHy3f4.npz,1
piast/piast_at/jazz/V7nrQFx_part_8.npz,1
piast/piast_yt/jazz/KM8CQMPOck8.npz,1
"piJAMA/jazz/Ruby, My Dear.npz",1
"piJAMA/jazz/There's Danger In Your Eyes, Cherie - Take 1.npz",1
piast/piast_yt/jazz/_QmBFoCdHOI.npz,1
piast/piast_at/jazz/sw5zIYP24ec.npz,1
piast/piast_yt/jazz/TP8fzJOKvEU.npz,1
piast/piast_yt/jazz/AtxRk7kzU0Q.npz,1
"piJAMA/jazz/Softly, As In A Morning Sunrise - Live At Maybeck Recital Hall, Berkeley, CA  1990.npz",1
piast/piast_yt/jazz/2pNlEV3ul6M.npz,1
piJAMA/jazz/Answer Me - Live.npz,1
piast/piast_yt/jazz/fR3ElEUd-o4.npz,1
piJAMA/jazz/Los Angeles II - Live.npz,1
piJAMA/jazz/Parker's Mood.npz,1
piJAMA/jazz/Children’s Song 10.npz,1
piast/piast_at/jazz/MqPFzbr8C1w.npz,1
piJAMA/jazz/Sweet And Lovely.npz,1
piast/piast_yt/jazz/k749mOIjMaE.npz,1
piast/piast_yt/jazz/zuIWwpibcgc.npz,1
piJAMA/jazz/Peace.npz,1
"piJAMA/jazz/Tribute To The Ticklers - Live At Maybeck Recital Hall, Berkeley, CA  September 8, 1991.npz",1
piast/piast_yt/jazz/W9-MZRHmHQM.npz,1
piJAMA/jazz/Whisper Not.npz,1
piJAMA/jazz/Elegy.npz,1
piast/piast_yt/jazz/KWWpBuEkAvo.npz,1
piast/piast_yt/jazz/2TAzydRrF28.npz,1
"piJAMA/jazz/You're My Everything - Live At Maybeck Recital Hall, Berkeley, CA  August 9, 1992.npz",1
piJAMA/jazz/Get Out Of Town.npz,1
adl/jazz/Sleepwalk.npz,1
piJAMA/jazz/Too Young to Go Steady.npz,1
piJAMA/jazz/Tall Boots.npz,1
piast/piast_yt/jazz/aD-PSj11MJM.npz,1
piJAMA/jazz/Foolish Heart.npz,1
piast/piast_at/jazz/bvLcgCiJGTQ.npz,1
piast/piast_yt/jazz/fHrdTwBmrOw.npz,1
piast/piast_at/jazz/YWydxhjpqrM.npz,1
piast/piast_at/jazz/sF1XKxgOc_U.npz,1
piJAMA/jazz/One Life To Live (Dave McKenna Piano Solo).npz,1
piast/piast_yt/jazz/qh6FPuZr2NA.npz,1
piast/piast_yt/jazz/f83ZXx8qYmQ.npz,1
piast/piast_at/jazz/3KJfl1pkbO4.npz,1
piJAMA/jazz/Swing Me No Waltzes.npz,1
adl/jazz/Warm Valley.npz,1
piJAMA/jazz/New York State of Mind.npz,1
piJAMA/jazz/Until It's Time for You to Go.npz,1
piJAMA/jazz/Small room.npz,1
piJAMA/jazz/Lost in the Stars.npz,1
piast/piast_at/jazz/VlF9IVV12QE.npz,1
piast/piast_yt/jazz/xIZePc_aqOI.npz,1
piast/piast_at/jazz/MQ031C_yaKo.npz,1
adl/jazz/Linus  Lucy.npz,1
adl/jazz/I Wish I Knew How it Would Feel .npz,1
piast/piast_yt/jazz/qujbY9fnxzU.npz,1
piast/piast_yt/jazz/FFTqvuevGuQ.npz,1
piJAMA/jazz/Epistrophy.npz,1
piJAMA/jazz/Déjà Vu.npz,1
piast/piast_yt/jazz/7PGJwrooJNU.npz,1
piJAMA/jazz/Thanks For The Memory.npz,1
piJAMA/jazz/Voyage.npz,1
piJAMA/jazz/Mirage - Live.npz,1
piJAMA/jazz/Dancing In The Dark.npz,1
adl/jazz/Peanuts Theme.npz,1
piJAMA/jazz/Warm Valley.npz,1
piJAMA/jazz/Impromptu.npz,1
piJAMA/jazz/The Quilt.npz,1
adl/jazz/At Last.npz,1
piast/piast_at/jazz/Es_7LgHf2Ig.npz,1
piast/piast_yt/jazz/DNMO-MdmO6g.npz,1
piast/piast_at/jazz/yymeERxT5dc.npz,1
piast/piast_yt/jazz/o4M3evpTKaw.npz,1
adl/jazz/Pavane.npz,1
adl/jazz/The Duke.npz,1
piast/piast_yt/jazz/xOeziJfYzuU.npz,1
piast/piast_yt/jazz/uKmktgL_yB8.npz,1
"piJAMA/jazz/Bemsha Swing - Live At Maybeck Recital Hall, Berkeley, CA  1990.npz",1
adl/jazz/Sammy Walked In.npz,1
piJAMA/jazz/Gotta Travel On - Live.npz,1
piJAMA/jazz/Maple Leaf Rag.npz,1
piJAMA/jazz/S' Wonderful - Live -  Solo Piano.npz,1
piJAMA/jazz/Miss Invisible.npz,1
piJAMA/jazz/Take Me out to the Ball Game.npz,1
adl/jazz/Out Of Nowhere (1).npz,1
piast/piast_yt/jazz/Hf6nqIoEWqM.npz,1
piJAMA/jazz/Journey Home.npz,1
piast/piast_at/jazz/H_Zh6Qx_IsA.npz,1
piJAMA/jazz/Dance By The Sea.npz,1
piJAMA/jazz/My Melancholy Baby.npz,1
"piJAMA/jazz/Someone To Watch Over Me - Live At Maybeck Recital Hall, Berkeley, CA  January 9, 1994.npz",1
piast/piast_yt/jazz/v2g3nvlXac4.npz,1
piast/piast_yt/jazz/RvWTkjuF6CM.npz,1
piJAMA/jazz/Strike Up The Band.npz,1
"piJAMA/jazz/Leave Me Alone - Live At Maybeck Recital Hall, Berkeley, CA  March 29, 1992.npz",1
piJAMA/jazz/Walk with Me Jesus.npz,1
piast/piast_yt/jazz/FZfw8j7wCZI.npz,1
piast/piast_yt/jazz/5PtR0HOvASE.npz,1
"piJAMA/jazz/You're A Joy - Live At Maybeck Recital Hall, Berkeley, CA  October 30, 1994.npz",1
piJAMA/jazz/A Flower Is a Lovesome Thing.npz,1
piast/piast_yt/jazz/SI4wZE7jswU.npz,1
piJAMA/jazz/Over My Head.npz,1
adl/jazz/Ask Me Now (Monk).npz,1
piast/piast_at/jazz/qmj9yY3c7Zo.npz,1
piast/piast_at/jazz/2zvoKCeai6s.npz,1
piast/piast_yt/jazz/BRFdaIhTBAc.npz,1
piJAMA/jazz/Scriabin -  Prelude Op. 11 (Part 1) 4 - Live in Paris  2018.npz,1
piJAMA/jazz/Angels from the Realms of Glory.npz,1
"piJAMA/jazz/Portrait 1 – Easton, Maryland.npz",1
adl/jazz/Try A Little Tenderness.npz,1
piast/piast_yt/jazz/sj-nW2Ax7ao.npz,1
piast/piast_yt/jazz/utwHbL2Wr0w.npz,1
adl/jazz/Mädchen Mit Roten Haaren.npz,1
piJAMA/jazz/Bridge Work.npz,1
piast/piast_yt/jazz/QSaKgl2-rgc.npz,1
piJAMA/jazz/Coventry Carol.npz,1
piast/piast_yt/jazz/X1UdyRfJx78.npz,1
adl/jazz/Falling In Love With Love (trio) .npz,1
piast/piast_yt/jazz/R298VGqX1cc.npz,1
piJAMA/jazz/Prelude to a Kiss.npz,1
piast/piast_yt/jazz/gdfmwR0Npm8.npz,1
piJAMA/jazz/Wonder Why.npz,1
"piJAMA/jazz/She - Live At Maybeck Recital Hall, Berkeley, CA  March 12, 1990.npz",1
piast/piast_at/jazz/0yUU5EN2msQ.npz,1
piJAMA/jazz/Heat Wave.npz,1
piast/piast_at/jazz/ObdijMOKMts.npz,1
piast/piast_at/jazz/9sF67F6pAho.npz,1
piJAMA/jazz/'Senzo' - Contours And Time.npz,1
piast/piast_yt/jazz/MAbdfFZcIUo.npz,1
piast/piast_yt/jazz/CD8H2DUzK6E.npz,1
piast/piast_yt/jazz/O0Zjy4Hclmw.npz,1
piJAMA/jazz/Once Upon A Summertime.npz,1
piast/piast_at/jazz/sI1jpYTboho.npz,1
piJAMA/jazz/Curse Of An Aching Heart.npz,1
"piJAMA/jazz/Dinah - Live At Maybeck Recital Hall, Berkeley, CA  August 8, 1993.npz",1
piJAMA/jazz/Squeeze Me.npz,1
piJAMA/jazz/Bambara.npz,1
piJAMA/jazz/Isn't It Romantic.npz,1
piJAMA/jazz/Moon Glow.npz,1
piJAMA/jazz/You're Driving Me Crazy.npz,1
piast/piast_at/jazz/S5I3k0pHA_4.npz,1
piast/piast_yt/jazz/Tg_gBwLlGl4.npz,1
piJAMA/jazz/Topsy.npz,1
piast/piast_yt/jazz/CFFIbJedlS4.npz,1
piast/piast_yt/jazz/CctHpcS1nIw.npz,1
piJAMA/jazz/Please Be Kind.npz,1
piast/piast_at/jazz/rqj9X3qgagw.npz,1
piast/piast_at/jazz/Z6fncjb5Ryc.npz,1
piJAMA/jazz/While We're Young.npz,1
adl/jazz/Very Early (solo).npz,1
piast/piast_yt/jazz/eeHNey4BYOA.npz,1
piast/piast_yt/jazz/GGX6vvaihhc.npz,1
adl/jazz/Taking A Chance (on Love).npz,1
piast/piast_yt/jazz/90QLvaWjMwc.npz,1
"piJAMA/jazz/In The Dark - Live At Maybeck Recital Hall, Berkeley, CA  August 8, 1993.npz",1
piast/piast_at/jazz/OHf6p-C2ddY.npz,1
piast/piast_yt/jazz/4sZmPHJPvZE.npz,1
"piJAMA/jazz/Invitation - Live At Maybeck Recital Hall, Berkeley, CA  September 5, 1993.npz",1
piast/piast_at/jazz/g5wF0yfF5W4.npz,1
piJAMA/jazz/East Village Invention.npz,1
piJAMA/jazz/Easy to Love (Live).npz,1
adl/jazz/Mad About The Boy.npz,1
piast/piast_yt/jazz/lJXDQHpvqVI.npz,1
piJAMA/jazz/Ode to Duke.npz,1
piJAMA/jazz/A Cottage For Sale.npz,1
piJAMA/jazz/Sendai sendoff.npz,1
piast/piast_at/jazz/_hAd1jXtVKs.npz,1
piast/piast_yt/jazz/D9omvlHXJIs.npz,1
piast/piast_at/jazz/vCqeYgZPySo.npz,1
piJAMA/jazz/Convocation Of The Winds.npz,1
"piJAMA/jazz/Oleo - Live At Maybeck Recital Hall, Berkeley, CA  August 15, 1993.npz",1
piast/piast_yt/jazz/Akn2cF6x-MQ.npz,1
piJAMA/jazz/In Walked Bud.npz,1
piJAMA/jazz/Just a Gigolo - Remastered.npz,1
piast/piast_at/jazz/AJ0835OfMuQ.npz,1
piJAMA/jazz/Right As The Rain.npz,1
piast/piast_yt/jazz/ymdyJNgyBsA.npz,1
piast/piast_yt/jazz/zwzQxuEWkyQ.npz,1
piJAMA/jazz/Tea For TwoStar Dust.npz,1
piJAMA/jazz/Double Scotch.npz,1
piJAMA/jazz/At Last.npz,1
piJAMA/jazz/You Go To My Head.npz,1
adl/jazz/Cubed (Pt 2).npz,1
piast/piast_yt/jazz/Qw-sXse5J4k.npz,1
piast/piast_yt/jazz/p8nTft10YR8.npz,1
piast/piast_at/jazz/KBppvr65N_g.npz,1
piast/piast_yt/jazz/vXTMQdmFeQE.npz,1
piast/piast_at/jazz/a1kg5jyc7n8.npz,1
piast/piast_yt/jazz/EEXsbtvG4Lc.npz,1
piast/piast_yt/jazz/BklWzIFzTGA.npz,1
piJAMA/jazz/Indiana (Back Home Again In Indiana).npz,1
"piJAMA/jazz/When You Wish Upon A Star - Live At Maybeck Recital Hall, Berkeley, CA  April 18, 1993.npz",1
piJAMA/jazz/Humoresque.npz,1
piast/piast_at/jazz/7DB-zM1tlhs.npz,1
piJAMA/jazz/Softly As In A Morning Sunrise.npz,1
piast/piast_yt/jazz/fnf3mW4DBf8.npz,1
piast/piast_yt/jazz/tf1HhrzabiE.npz,1
piast/piast_at/jazz/S30EG79MqWY.npz,1
adl/jazz/Lets Fall In Love.npz,1
piast/piast_at/jazz/qi-dJiv5UFg.npz,1
piJAMA/jazz/Miles Ahead.npz,1
adl/jazz/Buena Vista Social Club.npz,1
piast/piast_at/jazz/OsKnElKktPI.npz,1
piJAMA/jazz/Cat's Cradle.npz,1
piJAMA/jazz/Blues For Bill - for Bill Evans.npz,1
piast/piast_yt/jazz/D2H3vuN1XX4.npz,1
"piJAMA/jazz/Contemplation - Live At Maybeck Recital Hall, Berkeley, CA  August 1990.npz",1
piast/piast_at/jazz/bKBrtGY5cKA.npz,1
piJAMA/jazz/Little Susie.npz,1
adl/jazz/Brazilian Suite.npz,1
piast/piast_yt/jazz/oJ3hFJ9umZI.npz,1
piast/piast_yt/jazz/orHdmqQ5Ae4.npz,1
piast/piast_yt/jazz/58QS5POhkug.npz,1
piJAMA/jazz/Habiba.npz,1
piJAMA/jazz/Jordanish.npz,1
piast/piast_yt/jazz/MHP0iMCOYa4.npz,1
piast/piast_yt/jazz/g5wF0yfF5W4.npz,1
"piJAMA/jazz/It's You Or No One - Live At Maybeck Recital Hall, Berkeley, CA  January 20, 1991.npz",1
piJAMA/jazz/Three Little Words.npz,1
piast/piast_yt/jazz/M4FrLlKwsNk.npz,1
"piJAMA/jazz/Exactly Like You - Live At Maybeck Recital Hall, Berkeley, CA  November 1989.npz",1
piast/piast_yt/jazz/y86fBOvONKg.npz,1
piast/piast_yt/jazz/-LuHE3NwxGQ.npz,1
piast/piast_yt/jazz/LmfSKaKgeHA.npz,1
piJAMA/jazz/Judy.npz,1
piJAMA/jazz/What is this thing called love -  What Is This Thing Called Love.npz,1
piast/piast_yt/jazz/hUTrq9GPr4w.npz,1
piJAMA/jazz/One For Blount.npz,1
piJAMA/jazz/Evc.npz,1
piJAMA/jazz/A Wonderful Guy.npz,1
"piJAMA/jazz/Lady Be Good - Live At Maybeck Recital Hall, Berkeley, CA  March 29, 1992.npz",1
piJAMA/jazz/The Easy Winners - Instrumental.npz,1
piJAMA/jazz/There Is Music Where You're Going My Friends.npz,1
"piJAMA/jazz/When A Woman Loves A Man  I'm Through With Love - Live At Maybeck Recital Hall, Berkeley, CA  March 29, 1992.npz",1
adl/jazz/Moonlight serenade.npz,1
piast/piast_yt/jazz/n2upLisZyds.npz,1
piJAMA/jazz/Upper Manhattan Medical Group.npz,1
piJAMA/jazz/Lullaby for Cedric.npz,1
piast/piast_yt/jazz/FtXlkxezDJY.npz,1
piJAMA/jazz/Rose Got It Bad in Harlem.npz,1
piJAMA/jazz/Once Upon A Time.npz,1
piast/piast_yt/jazz/n6AJtGQ2MrQ.npz,1
piast/piast_yt/jazz/T405sgfAHKc.npz,1
piJAMA/jazz/Reminds Me.npz,1
piast/piast_yt/jazz/cHx-pUtF5dU.npz,1
piast/piast_yt/jazz/woctZ86bi3Q.npz,1
adl/jazz/If You Dont Know Me By Now.npz,1
piJAMA/jazz/Roots of the Nile.npz,1
piJAMA/jazz/Black Narcissus.npz,1
piast/piast_at/jazz/Ppm55V9_6Cw.npz,1
piast/piast_at/jazz/1ZnixgWUVg4.npz,1
piast/piast_yt/jazz/XPMvVF58kcE.npz,1
piJAMA/jazz/The End of a Love Affair.npz,1
piJAMA/jazz/Poor Butterfly.npz,1
piJAMA/jazz/Shout 'Em Aunt Tillie.npz,1
piast/piast_at/jazz/vgnSGnbQPZM.npz,1
piJAMA/jazz/Sunday School.npz,1
adl/jazz/Girl From Ipanema.npz,1
piJAMA/jazz/Jesus Loves Me.npz,1
piast/piast_at/jazz/pCTE-T47sQY.npz,1
piJAMA/jazz/High Tea for Stephany.npz,1
piJAMA/jazz/Yellow Bird.npz,1
adl/jazz/3 Preludes No 2 in C sharp minor.npz,1
"piJAMA/jazz/I'm Getting Sentimental Over You - Live At Maybeck Recital Hall, Berkeley, CA  February 16, 1992.npz",1
piast/piast_yt/jazz/4N8ttqTAnB8.npz,1
piJAMA/jazz/Pannonica.npz,1
piast/piast_yt/jazz/ORyx3i1drfs.npz,1
piJAMA/jazz/Stone.npz,1
piast/piast_yt/jazz/hk4e6tkg8sc.npz,1
piJAMA/jazz/I'll Get By.npz,1
piast/piast_at/jazz/GZt3m90i11g.npz,1
piJAMA/jazz/Lullaby of the leaves.npz,1
piast/piast_at/jazz/vJoznjdwAko.npz,1
piast/piast_at/jazz/hKYDNXbGbeY.npz,1
piast/piast_yt/jazz/c8RonOl64a8.npz,1
piast/piast_yt/jazz/_MauuEc9PZs.npz,1
piast/piast_yt/jazz/H0TNI-ySO9c.npz,1
piJAMA/jazz/As Long As I Live.npz,1
piast/piast_at/jazz/Hhh5bxoBGVk.npz,1
piJAMA/jazz/Somehow.npz,1
piast/piast_yt/jazz/yeWFdZPGZYs.npz,1
piast/piast_yt/jazz/j9e97S7BLdU.npz,1
piast/piast_at/jazz/isOPnrdK5cw.npz,1
"piJAMA/jazz/Stella By Starlight - Live At Maybeck Recital Hall, Berkeley, CA  1990.npz",1
piJAMA/jazz/Improv 3.npz,1
piJAMA/jazz/Too Marvelous For Words.npz,1
piast/piast_at/jazz/wHW9CsW7djE.npz,1
piJAMA/jazz/Laurentide Waltz.npz,1
"piJAMA/jazz/The Duke - Live At Maybeck Recital Hall, Berkeley, CA  January 20, 1991.npz",1
piJAMA/jazz/Windows.npz,1
piast/piast_yt/jazz/Wouon29gqis.npz,1
piJAMA/jazz/North Of The Sunset.npz,1
piJAMA/jazz/So Rare.npz,1
piast/piast_yt/jazz/VHjk8Ifsmkw.npz,1
piJAMA/jazz/If.npz,1
piast/piast_yt/jazz/nXeMG6b3AcA.npz,1
piast/piast_at/jazz/fJOQQEpWqnU.npz,1
"piJAMA/jazz/It's All Right With Me - Live At Maybeck Recital Hall, Berkeley, CA  October 30, 1994.npz",1
piast/piast_at/jazz/iU5EYjxFaqQ.npz,1
piast/piast_yt/jazz/6h-5GxhDJOE.npz,1
piast/piast_yt/jazz/bQzFbfpEOYk.npz,1
piast/piast_yt/jazz/X-Xil2uQFno.npz,1
piast/piast_yt/jazz/QHGvFDiyeR0.npz,1
piast/piast_yt/jazz/rEOwsHP2Y9I.npz,1
piast/piast_yt/jazz/Dx-OiMbrg3o.npz,1
piast/piast_at/jazz/mbopPiXbtAc.npz,1
piast/piast_at/jazz/K84EZiXvew0.npz,1
piJAMA/jazz/My Last Affair.npz,1
piast/piast_yt/jazz/6AQYVeCtQTY.npz,1
piast/piast_at/jazz/bKmJ8eZTeMA.npz,1
piJAMA/jazz/Don't Worry 'Bout Me.npz,1
adl/jazz/Penthouse Serenade.npz,1
piJAMA/jazz/Heart to Heart.npz,1
piast/piast_yt/jazz/7wIKNWtJpmo.npz,1
piJAMA/jazz/Where Have All the Flowers Gone 2.npz,1
piast/piast_yt/jazz/bjrGSToJpDU.npz,1
adl/jazz/Emotion.npz,1
piast/piast_at/jazz/wgpcQVntvZA.npz,1
piast/piast_yt/jazz/JzDiD19PUoA.npz,1
piast/piast_at/jazz/X0GZgd0dN64.npz,1
piJAMA/jazz/Ladybird.npz,1
piast/piast_yt/jazz/eVO-mWZIiWA.npz,1
adl/jazz/Christmas Time Is Here (Reprise).npz,1
piJAMA/jazz/This Can't Be Love - Live.npz,1
piJAMA/jazz/Children’s Song 4.npz,1
piast/piast_at/jazz/VtlTTqW3C6w.npz,1
adl/jazz/Lloyds Tone.npz,1
"piJAMA/jazz/Django - Live At Maybeck Recital Hall, Berkeley, CA  1990.npz",1
adl/jazz/Merry Christmas Darling.npz,1
piJAMA/jazz/Think of One.npz,1
piast/piast_at/jazz/6mohxZTeeAI.npz,1
piJAMA/jazz/Trinkle Tinkle.npz,1
piast/piast_at/jazz/tiFTYhx1U90.npz,1
piast/piast_yt/jazz/Rujeh0b2Y_Q.npz,1
"piJAMA/jazz/Tea For Two - Live At Maybeck Recital Hall, Berkeley, CA  November 14-16, 1994.npz",1
piJAMA/jazz/Human Nature.npz,1
"piJAMA/jazz/Embraceable You - Live At Maybeck Recital Hall, Berkeley, CA  October 24, 1993.npz",1
piJAMA/jazz/Teenie.npz,1
piast/piast_yt/jazz/W0hLX4TywK0.npz,1
piJAMA/jazz/Crepuscule with Nellie  Reflections.npz,1
piast/piast_yt/jazz/jEaiG8nstTM.npz,1
piast/piast_at/jazz/vJr3oLVBfeI.npz,1
piast/piast_yt/jazz/coYUgUIwZ_w.npz,1
piJAMA/jazz/Bemsha Swing.npz,1
piJAMA/jazz/Improvisation on Scarlatti - Live in Paris  2018.npz,1
piast/piast_yt/jazz/n8PKBeNnd0o.npz,1
piast/piast_at/jazz/1PknGfKZEYc.npz,1
piast/piast_yt/jazz/unpunAovZ7w.npz,1
piast/piast_yt/jazz/TqD34INOnC8.npz,1
piJAMA/jazz/The Windmills of your Mind (from 'The Thomas Crown Affair').npz,1
piast/piast_yt/jazz/5JzGB3ymm8M.npz,1
piast/piast_yt/jazz/xsH1yMN3QUY.npz,1
piast/piast_yt/jazz/lvnZZUK1YIs.npz,1
piJAMA/jazz/You must believe in Spring (from 'Les demoiselles de Rochefort').npz,1
piast/piast_yt/jazz/rqj9X3qgagw.npz,1
piast/piast_at/jazz/a2Su0HEYIP8.npz,1
piast/piast_yt/jazz/1XuLLRcVZL4.npz,1
piast/piast_yt/jazz/ypoEiXbdmFQ.npz,1
piJAMA/jazz/Embraceable You.npz,1
piJAMA/jazz/My Shining Hour.npz,1
piJAMA/jazz/I Was So Young (You Were So Beautiful) - Live -  Solo Piano.npz,1
piast/piast_yt/jazz/j4b1LwTppXY.npz,1
piast/piast_yt/jazz/3D8_0GQcSpk.npz,1
piast/piast_yt/jazz/Oqa79bq61FI.npz,1
"piJAMA/jazz/On Green Dolphin Street - Live At Maybeck Recital Hall, Berkeley, CA  January 5, 1992.npz",1
piast/piast_at/jazz/s-UjwvJ0eeA.npz,1
adl/jazz/Autumn In The San Juans.npz,1
piast/piast_yt/jazz/IThJZnVjEOo.npz,1
piast/piast_at/jazz/nZsGrR7YbgY.npz,1
piJAMA/jazz/Spain.npz,1
piast/piast_yt/jazz/6hQb03I-spM.npz,1
piast/piast_at/jazz/D2MfGgXBXvg.npz,1
"piJAMA/jazz/They Can't Take That Away From Me - Live At Maybeck Recital Hall, Berkeley, CA  August 15, 1993.npz",1
"piJAMA/jazz/Remember - Live At Maybeck Recital Hall, Berkeley, CA  January 5, 1992.npz",1
piast/piast_yt/jazz/MbRzkimfHUo.npz,1
piJAMA/jazz/Rockin' Chair.npz,1
piJAMA/jazz/Amazing Grace.npz,1
piast/piast_at/jazz/5ItK9LluHGM.npz,1
piast/piast_at/jazz/41s-_sIQgcI.npz,1
piast/piast_at/jazz/eq3HmXqtU0g.npz,1
piast/piast_yt/jazz/LjEFyJ2-qTQ.npz,1
piJAMA/jazz/Django - Remastered.npz,1
piast/piast_at/jazz/aFt0GyWU0ik.npz,1
piJAMA/jazz/Moonlight On The Ganges.npz,1
piast/piast_yt/jazz/6055XhCMlHc.npz,1
piJAMA/jazz/Fee Fi Fo Fum.npz,1
piast/piast_at/jazz/uNR0JhrGrsk.npz,1
piJAMA/jazz/What's Next - for Thelonious Monk.npz,1
adl/jazz/I Want To Be Happy.npz,1
"piJAMA/jazz/Just One Of Those Things - Live At Maybeck Recital Hall, Berkeley, CA  August 9, 1992.npz",1
piast/piast_yt/jazz/2MLx-bIwAvk.npz,1
piast/piast_yt/jazz/AUdoevy11GM.npz,1
adl/jazz/Cast Your Fate.npz,1
piJAMA/jazz/New Age Cowboy.npz,1
"piJAMA/jazz/Things Ain't What They Used To Be - Live At Merkin Hall, NYC  1989  Remastered.npz",1
piast/piast_at/jazz/IJlpNtDlAE4.npz,1
piast/piast_at/jazz/tsaoRZkvuxo.npz,1
piast/piast_at/jazz/unpunAovZ7w.npz,1
piast/piast_yt/jazz/8d81v24QQDQ.npz,1
piast/piast_yt/jazz/kvCYW_tVKG8.npz,1
piJAMA/jazz/Flight to Jordan.npz,1
piast/piast_yt/jazz/XKsTEMZzVqI.npz,1
piast/piast_at/jazz/_4TANu5Ly4w.npz,1
piJAMA/jazz/Dark One - for Miles Davis.npz,1
piJAMA/jazz/Something To Remember You By.npz,1
piast/piast_at/jazz/EI60NCK5YOM.npz,1
piJAMA/jazz/Lazy River.npz,1
piast/piast_yt/jazz/f4nF51ANIdc.npz,1
piast/piast_yt/jazz/ZU994cNK2XA.npz,1
piast/piast_yt/jazz/lOQTJCkb-Ng.npz,1
piast/piast_at/jazz/kidcbuS8SZs.npz,1
piJAMA/jazz/High On A Windy Hill.npz,1
piJAMA/jazz/My fate is in your hands.npz,1
piJAMA/jazz/Rose Room.npz,1
piast/piast_yt/jazz/CIQan4Ny5Kg.npz,1
piast/piast_yt/jazz/Ujtcky0Mcm0.npz,1
piast/piast_at/jazz/vHGYKA-5a60.npz,1
piast/piast_yt/jazz/onGxIYbBv1U.npz,1
piJAMA/jazz/Ja-Da - Remastered.npz,1
piast/piast_yt/jazz/H6g8QScJJGc.npz,1
piast/piast_yt/jazz/QVMC4ZiaLx0.npz,1
piJAMA/jazz/Marseille.npz,1
piJAMA/jazz/Friendly Persuasion (Thee I Love).npz,1
piJAMA/jazz/Arrivée 2.npz,1
"piJAMA/jazz/Spirtual Medley -  Why We Sing - Live At Maybeck Recital Hall, Berkeley, CA  August 27, 1995.npz",1
piast/piast_yt/jazz/uUX8WjxPcck.npz,1
adl/jazz/You Do Something To Me.npz,1
piJAMA/jazz/If I Could Be with You (Live).npz,1
"piJAMA/jazz/Just Passing By - Live At Maybeck Recital Hall, Berkeley, California  October 18, 1992.npz",1
piJAMA/jazz/Two Sleepy People.npz,1
piast/piast_at/jazz/WMdi3kBkRK8.npz,1
piast/piast_yt/jazz/JiULjK9Qen4.npz,1
piast/piast_yt/jazz/m2LbO0a1TJg.npz,1
piast/piast_yt/jazz/bKBrtGY5cKA.npz,1
piJAMA/jazz/Anything Can Happen.npz,1
piast/piast_yt/jazz/Bq97ljHHO0c.npz,1
adl/jazz/Tattoo.npz,1
adl/jazz/Exactly Like You.npz,1
piast/piast_at/jazz/1xklz428wCE.npz,1
piJAMA/jazz/For Nenette.npz,1
piJAMA/jazz/If I Did - Would You.npz,1
adl/jazz/Days Of Wine And Roses.npz,1
piast/piast_yt/jazz/nC523ZzuWos.npz,1
piJAMA/jazz/What's New.npz,1
piJAMA/jazz/St. Louis Blues (Live).npz,1
piJAMA/jazz/All The Things You Are (Reprise) - Live.npz,1
piast/piast_at/jazz/GfdvgxomOTM.npz,1
"piJAMA/jazz/Quadrille, Anyone - Live At Maybeck Recital Hall, Berkeley, CA  July 10, 1994.npz",1
piJAMA/jazz/Reflections In D.npz,1
piast/piast_at/jazz/zFTldh9Vy8A.npz,1
piJAMA/jazz/I Only Have Eyes For You.npz,1
piast/piast_yt/jazz/MqPFzbr8C1w.npz,1
piJAMA/jazz/Straight No Chaser.npz,1
piast/piast_at/jazz/2fbiwumZwCY.npz,1
piast/piast_at/jazz/0sG7b3aiCTI.npz,1
piJAMA/jazz/Whoza Mtwana.npz,1
adl/jazz/Have You Met Miss Jones (latin).npz,1
piJAMA/jazz/Thinking About Bix.npz,1
piast/piast_yt/jazz/Slqw-92QL3I.npz,1
piJAMA/jazz/Oleo.npz,1
piJAMA/jazz/S'posin'.npz,1
piast/piast_at/jazz/fYqqZTzfX60.npz,1
piJAMA/jazz/Time Into Space Into Time.npz,1
"piJAMA/jazz/Smile - Live At Maybeck Recital Hall, Berkeley, CA  September 20, 1994.npz",1
piast/piast_yt/jazz/XDL-r8H1kMs.npz,1
piast/piast_yt/jazz/yrC1ut4qnWc.npz,1
piast/piast_yt/jazz/HEa4-NzLAxA.npz,1
piJAMA/jazz/Dancing Mystic Poets at Dawn.npz,1
piast/piast_yt/jazz/XfR3XTCQ6kA.npz,1
piast/piast_yt/jazz/vGnCruYKRYI.npz,1
piast/piast_yt/jazz/a3VZWqMm4Co.npz,1
piast/piast_yt/jazz/iYrbcVyO7-A.npz,1
piast/piast_at/jazz/q7KZjmbrfDo.npz,1
"piJAMA/jazz/Ruby, My Dear (Take 1).npz",1
piast/piast_yt/jazz/mfpLmhkEnLA.npz,1
piast/piast_yt/jazz/KjB7gI7qSbw.npz,1
piJAMA/jazz/Spring Can Really Hang You up the Most.npz,1
piJAMA/jazz/The Best Thing For You Is Me.npz,1
piJAMA/jazz/If I Should Lose You - Remastered.npz,1
piast/piast_yt/jazz/umwDkKug8B4.npz,1
piast/piast_yt/jazz/oqozK1H2Was.npz,1
piast/piast_at/jazz/OisYCj6iG3U.npz,1
piast/piast_yt/jazz/Y7fPM1cK1m8.npz,1
piJAMA/jazz/Goin' Home Blues.npz,1
piJAMA/jazz/Una Gitarra.npz,1
piJAMA/jazz/Sukiyaki.npz,1
"piJAMA/jazz/Just Friends - Live At Maybeck Recital Hall, Berkeley, CA  May 9, 1993.npz",1
"piJAMA/jazz/Naima - Live At Merkin Hall, NYC  1989.npz",1
piast/piast_yt/jazz/DE8c3qJjd1c.npz,1
piJAMA/jazz/On A Clear Day (You Can See Forever).npz,1
piJAMA/jazz/Easy To Remember.npz,1
piJAMA/jazz/It's Hard to Know.npz,1
piast/piast_yt/jazz/od0VypO7blw.npz,1
"piJAMA/jazz/For Sentimental Reasons - Live At Maybeck Recital Hall, Berkeley, CA  September 20, 1994.npz",1
piast/piast_yt/jazz/jSN8-uIOxAY.npz,1
piJAMA/jazz/Glass enclosure.npz,1
"piJAMA/jazz/And Then I Wondered If You Knew - Live At Maybeck Recital Hall, Berkeley, California  October 18, 1992.npz",1
piJAMA/jazz/Now and Then.npz,1
piast/piast_yt/jazz/MBug-qIJMzQ.npz,1
piast/piast_yt/jazz/U6FeaD6VmL4.npz,1
piJAMA/jazz/The Gentleman Is A Dope.npz,1
piast/piast_yt/jazz/_yiOEEPcpI4.npz,1
piast/piast_at/jazz/sAWGcV07XAA.npz,1
piast/piast_yt/jazz/U2eFE42MA6w.npz,1
piJAMA/jazz/The Last Day.npz,1
piJAMA/jazz/The Magnetic Rag - Instrumental.npz,1
piast/piast_at/jazz/syOF5d3620o.npz,1
piJAMA/jazz/Oscar's New Camera.npz,1
"piJAMA/jazz/Country Fair - Live At Maybeck Recital Hall, Berkeley, California  October 18, 1992.npz",1
piJAMA/jazz/I Can't Give You Anything But Love.npz,1
piast/piast_yt/jazz/pM85QeE2RyI.npz,1
piJAMA/jazz/Sadie.npz,1
piJAMA/jazz/Ancient Future.npz,1
piast/piast_at/jazz/warE8K85j5Q.npz,1
piast/piast_yt/jazz/XPyOfkIzRPM.npz,1
piJAMA/jazz/Bouncing with Bud.npz,1
"piJAMA/jazz/Lennie's Pennies - Live At Maybeck Recital Hall, Berkeley, CA  October 30, 1994.npz",1
piast/piast_yt/jazz/bKSO4gcSghI.npz,1
piast/piast_yt/jazz/OZ4aQHDJSqk.npz,1
piast/piast_yt/jazz/0pCKUEDPXNk.npz,1
piast/piast_yt/jazz/OsKnElKktPI.npz,1
piast/piast_yt/jazz/ClyRm2JfzoQ.npz,1
piJAMA/jazz/Someday My Prince Will Come - TK 3 Alternate.npz,1
piast/piast_at/jazz/cfDO4hoKoW0.npz,1
piJAMA/jazz/Little Girl Blue.npz,1
piast/piast_yt/jazz/6bO-lr12q9U.npz,1
piast/piast_yt/jazz/HDMNg47DnOo.npz,1
piJAMA/jazz/Serenity.npz,1
piast/piast_at/jazz/hUTrq9GPr4w.npz,1
piast/piast_at/jazz/xOeziJfYzuU.npz,1
piJAMA/jazz/Starting Point.npz,1
piJAMA/jazz/Long Ago And Far Away (Dave McKenna Piano Solo).npz,1
piast/piast_at/jazz/1n5IJAyr5Hw.npz,1
adl/jazz/When The Saints Go Marching In.npz,1
piJAMA/jazz/The Man I Love.npz,1
adl/jazz/Like Being In Love.npz,1
piast/piast_yt/jazz/4HjiIOqIPd4.npz,1
piast/piast_yt/jazz/XCmI0BZEdcY.npz,1
piast/piast_at/jazz/9lHVAByQPnw.npz,1
piast/piast_yt/jazz/idecnxnqHNw.npz,1
piJAMA/jazz/What Is There to Say.npz,1
piast/piast_at/jazz/ymdyJNgyBsA.npz,1
"piJAMA/jazz/A Kiss To Build A Dream On - Live At Maybeck Recital Hall, Berkeley, CA  1990.npz",1
"piJAMA/jazz/Sophisticated Lady - Live At Maybeck Recital Hall, Berkeley, CA  July 10, 1994.npz",1
piJAMA/jazz/Slow Grind.npz,1
piast/piast_yt/jazz/bA2TD9twz8A.npz,1
piJAMA/jazz/God Bless America.npz,1
piast/piast_at/jazz/6Uca3He6nZU.npz,1
piJAMA/jazz/Still.npz,1
piJAMA/jazz/Wade in the Water.npz,1
piast/piast_yt/jazz/S5I3k0pHA_4.npz,1
piast/piast_at/jazz/g5YV82pbLl4.npz,1
piast/piast_yt/jazz/H4CdSPKJO50.npz,1
piast/piast_yt/jazz/Zf6bbuJeRCs.npz,1
piast/piast_yt/jazz/Ls-VLPrrthw.npz,1
piast/piast_yt/jazz/nNqrbQ-OEJ8.npz,1
piast/piast_yt/jazz/VR1n8ty73rs.npz,1
piJAMA/jazz/You Don't Know What Love Is.npz,1
piJAMA/jazz/You And The Night And The Music.npz,1
piJAMA/jazz/Willow Weep for Me  Back to the Blues.npz,1
piast/piast_yt/jazz/nF0v-d-nSiI.npz,1
piJAMA/jazz/Waltz For Claudia.npz,1
adl/jazz/Chelsea Bridge.npz,1
adl/jazz/Mood Indigo.npz,1
piast/piast_at/jazz/2IsJ-o2oD1Q.npz,1
"piJAMA/jazz/Easy To Love - Live At Maybeck Recital Hall, Berkeley, CA  May 9, 1993.npz",1
piJAMA/jazz/You've Got To Be Modernistic.npz,1
piast/piast_yt/jazz/YIR3_-pE77s.npz,1
piast/piast_at/jazz/HCvXkLUne_s.npz,1
piJAMA/jazz/Just In Time.npz,1
adl/jazz/But Beautiful.npz,1
piast/piast_yt/jazz/nbDcWYl2lJg.npz,1
piJAMA/jazz/Gottschalk Sampler - Bamboula - Pasquinade.npz,1
piast/piast_yt/jazz/QqHOG9KSYAg.npz,1
piJAMA/jazz/Once In A Blue Moon.npz,1
piast/piast_at/jazz/7VeJsk8Jt_Q.npz,1
piast/piast_yt/jazz/oY7OHGTTKNU.npz,1
piast/piast_at/jazz/q4jjOnpDOgw.npz,1
piast/piast_yt/jazz/GfdvgxomOTM.npz,1
"piJAMA/jazz/Money Blues - Live At Maybeck Recital Hall, Berkeley, CA  1991.npz",1
piJAMA/jazz/Too Marvellous.npz,1
piast/piast_at/jazz/x10pxPQO_DU.npz,1
piJAMA/jazz/Monk's Dream - Live.npz,1
adl/jazz/Stella By Starlight.npz,1
piJAMA/jazz/The fruit.npz,1
"piJAMA/jazz/Twilight World - Live At Maybeck Recital Hall, Berkeley, CA  January 20, 1991.npz",1
piJAMA/jazz/Alone Together.npz,1
piJAMA/jazz/Without A Song.npz,1
piJAMA/jazz/Improvisation 1.npz,1
piJAMA/jazz/All Alone.npz,1
piast/piast_yt/jazz/EjIH8jAzleA.npz,1
piast/piast_yt/jazz/x2lBbviAzHs.npz,1
piJAMA/jazz/Part VII - Live.npz,1
adl/jazz/Best Of My Love.npz,1
piast/piast_at/jazz/_ts61DTbqcQ.npz,1
piast/piast_yt/jazz/R1l88o8HhCw.npz,1
piJAMA/jazz/Downstairs Jam.npz,1
piJAMA/jazz/Rialto Ripples.npz,1
adl/jazz/Piano Sonata No 14 in C sharp minor Op 27 No 2 Moonlight (2008 Digital Remaster) II     Allegretto.npz,1
piast/piast_yt/jazz/AWQnT-IDlv8.npz,1
adl/jazz/I Wonder Why.npz,1
piast/piast_yt/jazz/_pJLJ4BLYo0.npz,1
piast/piast_yt/jazz/lkAfS4v2AvQ.npz,1
piast/piast_yt/jazz/HUQg_kWYYKM.npz,1
piast/piast_at/jazz/4QAxUvw9ays.npz,1
piast/piast_yt/jazz/WycmpjmURLs.npz,1
piast/piast_yt/jazz/I6TFJre5JAM.npz,1
piJAMA/jazz/So Damn Lucky.npz,1
piast/piast_at/jazz/sK3qLgyP2T4.npz,1
piJAMA/jazz/Pastime Paradise - Live in Clearwater  2018.npz,1
piast/piast_yt/jazz/Io1DpPe8GOE.npz,1
piJAMA/jazz/Well You Needn't.npz,1
piJAMA/jazz/OP's Boogie.npz,1
adl/jazz/Who Can I Turn To.npz,1
piast/piast_yt/jazz/lvBZDYMXwr8.npz,1
piast/piast_yt/jazz/DfLXOS1KGWQ.npz,1
piJAMA/jazz/Dear Oscar.npz,1
piast/piast_yt/jazz/us1qxkGc5KE.npz,1
piast/piast_at/jazz/W9-MZRHmHQM.npz,1
adl/jazz/La La Means I Love You.npz,1
piast/piast_yt/jazz/hPXhU8c_Gdo.npz,1
piast/piast_at/jazz/w_NzgR-wkJs.npz,1
piast/piast_at/jazz/0E9ubKtQeJk.npz,1
piJAMA/jazz/Satin Doll.npz,1
piJAMA/jazz/Bagatelle 4.npz,1
"piJAMA/jazz/Would You Like To Take A Walk - Live At Maybeck Recital Hall, Berkeley, CA  March 12, 1990.npz",1
piast/piast_yt/jazz/QUhirfITGQ4.npz,1
piast/piast_yt/jazz/JxB0NjOHYSc.npz,1
"piJAMA/jazz/Blues For Rhonda - Live At Maybeck Recital Hall, Berkeley, CA  1993.npz",1
piast/piast_yt/jazz/6L2pRwe5lZY.npz,1
piJAMA/jazz/Just As Though You Were Here.npz,1
piJAMA/jazz/Swing Time -  The Way You Look Tonight.npz,1
piast/piast_yt/jazz/yHGQ-6jzSlE.npz,1
piJAMA/jazz/One for my Baby.npz,1
piJAMA/jazz/There Are Such Things.npz,1
piast/piast_at/jazz/XPMvVF58kcE.npz,1
piJAMA/jazz/Estate.npz,1
"piJAMA/jazz/Twinkle, Twinkle, Little Star.npz",1
piast/piast_yt/jazz/Ipn3tjQZr-A.npz,1
piast/piast_yt/jazz/RhWzphs5Pbk.npz,1
adl/jazz/Take Away My Pain.npz,1
piast/piast_yt/jazz/N4N3xuye2No.npz,1
piJAMA/jazz/Getting To Know You.npz,1
piJAMA/jazz/Children’s Song 11.npz,1
piJAMA/jazz/Eccentricity.npz,1
piast/piast_yt/jazz/KB9GW3vm238.npz,1
piJAMA/jazz/Helen Mother's Song.npz,1
piast/piast_at/jazz/b2S4mfgHXnE.npz,1
piast/piast_yt/jazz/uSvxgUTypZU.npz,1
piJAMA/jazz/Shine.npz,1
piast/piast_yt/jazz/-SWahGvzV3o.npz,1
piJAMA/jazz/Emaline.npz,1
piast/piast_at/jazz/rEOwsHP2Y9I.npz,1
piJAMA/jazz/I Left My Heart In San Francisco.npz,1
adl/jazz/The Masquerade Is Over.npz,1
adl/jazz/learning the blues.npz,1
piJAMA/jazz/Stormy Weather.npz,1
piast/piast_at/jazz/RBK1faFZpDo.npz,1
piJAMA/jazz/Watch what happens [Les Parapluies de Cherbourg].npz,1
piast/piast_yt/jazz/rFDx-EVFGPk.npz,1
piast/piast_yt/jazz/Zu5Fzv5B1Dc.npz,1
piast/piast_yt/jazz/21Uv-w13GF4.npz,1
piJAMA/jazz/That Warm Feeling.npz,1
piJAMA/jazz/So Would I.npz,1
piast/piast_yt/jazz/vI1CdCOHH58.npz,1
piast/piast_yt/jazz/03n9EjKiafE.npz,1
piJAMA/jazz/My Ideal 2.npz,1
piast/piast_at/jazz/xIZePc_aqOI.npz,1
piJAMA/jazz/Crescent.npz,1
piast/piast_yt/jazz/g9CzPDXaPT8.npz,1
piast/piast_yt/jazz/oflIh6YrTNA.npz,1
piast/piast_yt/jazz/VQ8EkGRMgS4.npz,1
piast/piast_yt/jazz/Ue8RttQFDmI.npz,1
piast/piast_at/jazz/iCOtujBXK7w.npz,1
piast/piast_yt/jazz/kF4hqrnH3ik.npz,1
adl/jazz/Holdin Back the Years.npz,1
piJAMA/jazz/Yellow Dolphin Street.npz,1
piast/piast_yt/jazz/ySIc3pznEes.npz,1
piJAMA/jazz/People Will Say We're In Love.npz,1
piast/piast_yt/jazz/to4jG6FfHkU.npz,1
piast/piast_at/jazz/Ieurfr_PwFs.npz,1
piJAMA/jazz/My Heart Stood Still.npz,1
piJAMA/jazz/Blue Moon.npz,1
piast/piast_yt/jazz/u6Ox-2YlxJo.npz,1
adl/non_jazz/War All The Time.npz,0
piast/piast_yt/non_jazz/t0A3zvqUZuw.npz,0
piast/piast_yt/non_jazz/Bwk7lzCJapA.npz,0
piast/piast_yt/non_jazz/w_MOqDcl37s.npz,0
adl/non_jazz/Oh Lord_ Stand By Me (The Richard Smallwood Singers Live Album Version).npz,0
adl/non_jazz/Just To Be Close To You.npz,0
piast/piast_yt/non_jazz/FTlX-6pxy_4.npz,0
piast/piast_yt/non_jazz/IWADSbU1vRY.npz,0
piast/piast_yt/non_jazz/7MIzSHoyLwA.npz,0
adl/non_jazz/Time And Love.npz,0
adl/non_jazz/I ll be Missing You.npz,0
adl/non_jazz/Dont Pull Your Love.npz,0
adl/non_jazz/Incense And Peppermints.npz,0
adl/non_jazz/Hey Cinderella.npz,0
piast/piast_yt/non_jazz/255xK1m7jXo.npz,0
adl/non_jazz/Passie.npz,0
piast/piast_at/non_jazz/bJ9aRLSO32A.npz,0
adl/non_jazz/Heart Of Lothian Wide BoyCurtain Call (1998 Digital Remaster).npz,0
piast/piast_yt/non_jazz/tpoh14sU_uU.npz,0
piast/piast_at/non_jazz/J5Ge3cmflPU.npz,0
piast/piast_yt/non_jazz/_wXAtG0FzCs.npz,0
adl/non_jazz/Ella Y Él.npz,0
adl/non_jazz/Love Come Down.npz,0
piast/piast_yt/non_jazz/ygi2RBaCKDQ.npz,0
piast/piast_yt/non_jazz/DogI_TL5MAI.npz,0
adl/non_jazz/Big Sky.npz,0
piast/piast_at/non_jazz/41-8Rq804Gc.npz,0
piast/piast_yt/non_jazz/AhIwlukaS50.npz,0
adl/non_jazz/Make Me Happy.npz,0
adl/non_jazz/How Do I Live.npz,0
piast/piast_yt/non_jazz/FwhBwcLkqtk.npz,0
piast/piast_yt/non_jazz/gl7ahXbRAa4.npz,0
adl/non_jazz/Float On.npz,0
adl/non_jazz/Right_Wrong.npz,0
piast/piast_yt/non_jazz/G2IhQ6a37qY.npz,0
piast/piast_yt/non_jazz/YUw2N7uP9iU.npz,0
adl/non_jazz/Fool on the Hill.npz,0
adl/non_jazz/Ill Be Around.npz,0
adl/non_jazz/Christmas At Sea.npz,0
adl/non_jazz/Amaranth.npz,0
adl/non_jazz/Happy Birthday (Clap Clap Song).npz,0
adl/non_jazz/Two Divided By Love.npz,0
adl/non_jazz/Nähe des Geliebten.npz,0
piast/piast_yt/non_jazz/M_vTe_gAQ64.npz,0
adl/non_jazz/A Star Is Born.npz,0
piast/piast_yt/non_jazz/v-6uOvfBqik.npz,0
adl/non_jazz/I Cross My Heart.npz,0
piast/piast_yt/non_jazz/c_tHKlV0bl4.npz,0
piast/piast_at/non_jazz/ylPBshxXy0I.npz,0
adl/non_jazz/Thus Spoke Zarathustra.npz,0
adl/non_jazz/Men Like Us (LP Version).npz,0
piast/piast_yt/non_jazz/6jeDbfboQ4c.npz,0
adl/non_jazz/High School.npz,0
piast/piast_yt/non_jazz/-2JPf3mSSrQ.npz,0
adl/non_jazz/Dont Take Away The Music.npz,0
"adl/non_jazz/Das Wohltemperierte Clavier I, Fuga VI.npz",0
adl/non_jazz/Party  Schlager (Shot).npz,0
adl/non_jazz/Oxidize.npz,0
piast/piast_yt/non_jazz/Llib-XYUctk.npz,0
adl/non_jazz/When The Lights Go Out.npz,0
adl/non_jazz/She Walked Out The Door.npz,0
piast/piast_at/non_jazz/5MnxXJwPb14.npz,0
piast/piast_yt/non_jazz/6lwTPYx75M4.npz,0
piast/piast_yt/non_jazz/6tLvXyYvS0o.npz,0
piast/piast_at/non_jazz/mVj5DlVnTyc.npz,0
piast/piast_yt/non_jazz/g1uLrHq9TDg.npz,0
adl/non_jazz/CarPe Diem.npz,0
piast/piast_yt/non_jazz/T29hOQPPY1s.npz,0
adl/non_jazz/Please Remember Me.npz,0
piast/piast_yt/non_jazz/vOuY70N28oY.npz,0
adl/non_jazz/Tonight Tonight (Album Version).npz,0
piast/piast_yt/non_jazz/AK_Vk5AZRps.npz,0
adl/non_jazz/The Bartender (its all on the jukebox).npz,0
adl/non_jazz/Cathys Clown  (Single Version) (2006 Remastered).npz,0
adl/non_jazz/Sinfonia 7.npz,0
adl/non_jazz/Sinceramente.npz,0
piast/piast_yt/non_jazz/wrzSXDehrEM.npz,0
adl/non_jazz/Final_Fantasy_5_Japan_AheadonourWay.npz,0
adl/non_jazz/All I Want for Christmas.npz,0
piast/piast_yt/non_jazz/2xOgEwj03Mg.npz,0
adl/non_jazz/Bolero.npz,0
adl/non_jazz/Outside.npz,0
adl/non_jazz/It Was Dark And I Welcome The Calm.npz,0
adl/non_jazz/Minuet by Beethoven.npz,0
piast/piast_yt/non_jazz/744iaR0ErJM.npz,0
adl/non_jazz/I Hear Your Voice.npz,0
adl/non_jazz/Tyttö niinkuin pitää.npz,0
adl/non_jazz/Alone In Love.npz,0
adl/non_jazz/Youre Easy On The Eyes.npz,0
adl/non_jazz/Skin On Skin.npz,0
adl/non_jazz/Prideland.npz,0
adl/non_jazz/Train Train.npz,0
adl/non_jazz/Love Action (I Believe In Love) (Instrumental) (Remix) (2002 Digital Remaster).npz,0
adl/non_jazz/Air and Variations The Harmonious Blacksmith.npz,0
adl/non_jazz/Desire As.npz,0
piast/piast_yt/non_jazz/KJOkFISvRJ0.npz,0
piast/piast_yt/non_jazz/nEilcDCRP1A.npz,0
adl/non_jazz/The Entertainer.npz,0
piast/piast_yt/non_jazz/C4u9uFBP9_M.npz,0
piast/piast_at/non_jazz/qoHRmOSRqxk.npz,0
adl/non_jazz/Cuéntame.npz,0
piast/piast_yt/non_jazz/CBZ3zmfe4WY.npz,0
piast/piast_yt/non_jazz/dYF_DSUMjyY.npz,0
piast/piast_yt/non_jazz/dUXwq5zlRXM.npz,0
adl/non_jazz/Morning Sun Reprise.npz,0
adl/non_jazz/Losing You.npz,0
adl/non_jazz/Wanderer (Album Version).npz,0
piast/piast_yt/non_jazz/bP-1FIAXqoE.npz,0
piast/piast_yt/non_jazz/aEU5RlBMJxY.npz,0
adl/non_jazz/Ciacona.npz,0
piast/piast_yt/non_jazz/M6f8wIAUyjc.npz,0
piast/piast_at/non_jazz/FF5TNnyYWrE.npz,0
adl/non_jazz/Dead Angle.npz,0
piast/piast_yt/non_jazz/94l7BUNmZBw.npz,0
adl/non_jazz/The Onedin Line.npz,0
adl/non_jazz/Je Suis Malade.npz,0
adl/non_jazz/Better Days (Album Version).npz,0
piast/piast_yt/non_jazz/iwQnhDZAqmg.npz,0
adl/non_jazz/The Road To Mandalay.npz,0
adl/non_jazz/Magic Works.npz,0
piast/piast_yt/non_jazz/QtaMwSgAUaI.npz,0
adl/non_jazz/Locuras.npz,0
adl/non_jazz/Pardon Me.npz,0
piast/piast_yt/non_jazz/QfY_Ez2JlWE.npz,0
piast/piast_yt/non_jazz/91V7srqRioM.npz,0
adl/non_jazz/Lookin For Love (LP Version).npz,0
piast/piast_yt/non_jazz/6jSLH9CDPPQ.npz,0
adl/non_jazz/The Walk Into the Sunset.npz,0
piast/piast_yt/non_jazz/D7dv7g7AFfU.npz,0
piast/piast_yt/non_jazz/TpfdMSOC6qs.npz,0
piast/piast_yt/non_jazz/vM_6a0r79_M.npz,0
adl/non_jazz/Serenity.npz,0
piast/piast_yt/non_jazz/UNPw4i75mYo.npz,0
adl/non_jazz/EarthBound_SnowWoodBoardingSchool.npz,0
adl/non_jazz/Sonata No 1.npz,0
adl/non_jazz/La clairière des fées.npz,0
adl/non_jazz/Sky High.npz,0
adl/non_jazz/Donkey_Kong_Country_3_NorthernKremisphere.npz,0
adl/non_jazz/The Wild Side Of Life.npz,0
piast/piast_yt/non_jazz/6obFIZhEeN4.npz,0
piast/piast_yt/non_jazz/lFW_zdnfD7I.npz,0
adl/non_jazz/Quand on na que lamour.npz,0
piast/piast_yt/non_jazz/SP-dRH9oNQI.npz,0
piast/piast_yt/non_jazz/ErGKwg-eRYQ.npz,0
adl/non_jazz/Heres A Quarter Call Someone Who Cares (LP Version).npz,0
adl/non_jazz/Piano Sonata No8 in C minor Op13_ Pathétique  II Adagio cantabile.npz,0
adl/non_jazz/Les Djinns.npz,0
piast/piast_yt/non_jazz/TD2o8GRNH-A.npz,0
adl/non_jazz/Listen To My Heart.npz,0
adl/non_jazz/Romance.npz,0
adl/non_jazz/Sonic_the_Hedgehog_-_Sound_Effects_by_Gori_Fater.npz,0
adl/non_jazz/Die Zauberflöte (Part I).npz,0
adl/non_jazz/I Want To Break Free.npz,0
adl/non_jazz/Sylvia.npz,0
adl/non_jazz/Jedi Prayer.npz,0
piast/piast_yt/non_jazz/Zp3Z5_5_part_12.npz,0
adl/non_jazz/Cool Yule.npz,0
piast/piast_yt/non_jazz/MneZ4NP4WlY.npz,0
adl/non_jazz/Ball And Chain.npz,0
adl/non_jazz/Super_Bomberman_Stage1.npz,0
piast/piast_at/non_jazz/EpEzW6Tk0Gg.npz,0
adl/non_jazz/All Alone Am I.npz,0
piast/piast_at/non_jazz/24SvrZqB_Xc.npz,0
adl/non_jazz/Widmung_ op 25_ No1.npz,0
piast/piast_yt/non_jazz/moIoaQozfY4.npz,0
adl/non_jazz/Minuet in F major.npz,0
adl/non_jazz/Battle_of_Olympus_OlympusNoTatakai.npz,0
adl/non_jazz/Com Uma Perna Só.npz,0
piast/piast_yt/non_jazz/H1Dvg2MxQn8.npz,0
piast/piast_at/non_jazz/x1tQykL41f8.npz,0
adl/non_jazz/Soul Finger (LP Version) (2006 Remastered).npz,0
piast/piast_yt/non_jazz/UUl4yrHqpMo.npz,0
adl/non_jazz/Fiera.npz,0
piast/piast_at/non_jazz/wmZTpzLekvE.npz,0
adl/non_jazz/Thats All.npz,0
piast/piast_yt/non_jazz/vJ77eDxHezE.npz,0
adl/non_jazz/Melodische Übungsstücke (No 26).npz,0
piast/piast_yt/non_jazz/Yhz5fH4RRcI.npz,0
adl/non_jazz/Search Light Rag.npz,0
adl/non_jazz/Ocean Spray.npz,0
adl/non_jazz/I Try.npz,0
piast/piast_yt/non_jazz/_EtmpXn5N8M.npz,0
adl/non_jazz/Intermezzo in E-Flat_ Op 117No 1.npz,0
adl/non_jazz/Angel of Music.npz,0
adl/non_jazz/Flag Raising.npz,0
piast/piast_at/non_jazz/RTMXxIktTs4.npz,0
piast/piast_yt/non_jazz/mgv0l3M20eI.npz,0
adl/non_jazz/Fischerweise.npz,0
adl/non_jazz/Come Baby Come.npz,0
piast/piast_yt/non_jazz/UkLJl8lEChY.npz,0
adl/non_jazz/Hole In My Shoe.npz,0
adl/non_jazz/The Flag Parade.npz,0
piast/piast_at/non_jazz/8TIpMzTQpMg.npz,0
piast/piast_at/non_jazz/TW8G_c9jixA.npz,0
piast/piast_yt/non_jazz/umy7_ttsDlU.npz,0
adl/non_jazz/Still.npz,0
adl/non_jazz/Oh My Darlin (I Love You).npz,0
adl/non_jazz/Castlevania_Symphony_of_the_Night_WoodCarvingPartita.npz,0
adl/non_jazz/Mega_Man_6_TomahawkmansStage.npz,0
adl/non_jazz/Who Wants To Live Forever.npz,0
adl/non_jazz/Cry Like I Cried (LP Version).npz,0
adl/non_jazz/Abstract 1.npz,0
piast/piast_yt/non_jazz/sc-1zqZj13U.npz,0
adl/non_jazz/De Nuevo Sola.npz,0
adl/non_jazz/Are You Happy Now.npz,0
adl/non_jazz/Weve Only Just Begun.npz,0
adl/non_jazz/One Is Not So Bad.npz,0
adl/non_jazz/Let Me Live.npz,0
adl/non_jazz/Second Arabesque.npz,0
adl/non_jazz/Everybody Gets A Second Chance.npz,0
adl/non_jazz/Weve Only Just Begun (Digitally Remastered).npz,0
piast/piast_at/non_jazz/uf19dJlBrUg.npz,0
adl/non_jazz/Penny Candy.npz,0
piast/piast_yt/non_jazz/0qYDAKUCkSU.npz,0
piast/piast_yt/non_jazz/5u5oCjrIu60.npz,0
adl/non_jazz/Running and Cheating.npz,0
adl/non_jazz/Comfortably Numb (1994 Digital Remaster).npz,0
piast/piast_yt/non_jazz/XyN3Vr781Xc.npz,0
adl/non_jazz/Certainty.npz,0
piast/piast_at/non_jazz/7dnfni450P4.npz,0
piast/piast_yt/non_jazz/x7FZ4yZ33Nc.npz,0
adl/non_jazz/China In Your Hand.npz,0
adl/non_jazz/Bahnsteig.npz,0
adl/non_jazz/I Remember Sally Orchid.npz,0
piast/piast_yt/non_jazz/vwQZGwQ_JZw.npz,0
piast/piast_yt/non_jazz/aNQh5VAv3gg.npz,0
piast/piast_yt/non_jazz/UfzqqUnAu8I.npz,0
piast/piast_at/non_jazz/JFOSJd_uhM8.npz,0
piast/piast_yt/non_jazz/Xs6Oea1fxjc.npz,0
piast/piast_yt/non_jazz/eZEczfSAjVQ.npz,0
piast/piast_yt/non_jazz/QymFdcJTepA.npz,0
adl/non_jazz/JEn Rêve Encore.npz,0
adl/non_jazz/Hidden.npz,0
piast/piast_yt/non_jazz/cwDl6UD2TNo.npz,0
adl/non_jazz/Pokemon_Red_Blue_Yellow_Champion_Battle_by_ALF.npz,0
piast/piast_yt/non_jazz/gzFPXpGndNE.npz,0
adl/non_jazz/Tower Of Strength.npz,0
piast/piast_at/non_jazz/jAEjfiO_part_4.npz,0
piast/piast_at/non_jazz/NZauLNb8jyI.npz,0
"adl/non_jazz/Sonate II, III - Presto.npz",0
piast/piast_yt/non_jazz/Bw9v57fQB-c.npz,0
piast/piast_yt/non_jazz/3kZAzknRSFA.npz,0
adl/non_jazz/Stolen Moments.npz,0
piast/piast_at/non_jazz/JOCmdY1g7O0.npz,0
adl/non_jazz/The Return.npz,0
adl/non_jazz/Pictures at an Exhibition The old castle.npz,0
piast/piast_yt/non_jazz/TfWG0wN0UgA.npz,0
adl/non_jazz/Mary Jane (LP Version).npz,0
piast/piast_yt/non_jazz/Tcr2O70_ZaU.npz,0
adl/non_jazz/Well Burn That Bridge.npz,0
piast/piast_yt/non_jazz/7ABjqcl6wRk.npz,0
piast/piast_yt/non_jazz/L9RWzGH8XqQ.npz,0
piast/piast_yt/non_jazz/ElTd4oZ2QUM.npz,0
adl/non_jazz/The English Patient - Bach Aria From Goldberg Variations.npz,0
piast/piast_at/non_jazz/78MJrhWejKw.npz,0
adl/non_jazz/A Gift of a Thistle.npz,0
piast/piast_yt/non_jazz/XywpOVb5oWw.npz,0
piast/piast_at/non_jazz/gz1iO2k-DLQ.npz,0
piast/piast_yt/non_jazz/z0tJugD-zuE.npz,0
piast/piast_yt/non_jazz/YdEP6-rcDEk.npz,0
adl/non_jazz/Crucify.npz,0
piast/piast_yt/non_jazz/wDXGtPCbE6U.npz,0
adl/non_jazz/The Keeper Of The Stars.npz,0
piast/piast_yt/non_jazz/cRRZEItZM7I.npz,0
adl/non_jazz/Bliib bi mer.npz,0
adl/non_jazz/Tales_of_Symphonia_FloatingintheAir.npz,0
adl/non_jazz/Pero Vas A Extrañarme.npz,0
piast/piast_yt/non_jazz/pwLLLaKDo20.npz,0
piast/piast_yt/non_jazz/R0Y51-D_part_18.npz,0
adl/non_jazz/Leopolis.npz,0
adl/non_jazz/Our Last Summer.npz,0
adl/non_jazz/Mason.npz,0
piast/piast_yt/non_jazz/wdnk7HVI7W0.npz,0
adl/non_jazz/Gensou_Suikoden_V_TheLightMoaningIntheDarkness.npz,0
piast/piast_yt/non_jazz/Fx28Sa80qSk.npz,0
piast/piast_at/non_jazz/6IrJzEQLKHE.npz,0
adl/non_jazz/Like a Rolling Stone.npz,0
piast/piast_yt/non_jazz/S30EG79MqWY.npz,0
piast/piast_yt/non_jazz/eP-aSzVQa7w.npz,0
piast/piast_yt/non_jazz/thkyXlYqfq0.npz,0
adl/non_jazz/Make The World Go Away.npz,0
adl/non_jazz/Twelve Thirty (Young Girls Are Coming To The Canyon).npz,0
adl/non_jazz/Youre The First_ The Last_ My Everything.npz,0
adl/non_jazz/Farväl_ farväl.npz,0
adl/non_jazz/Happy Days Are Here Again.npz,0
adl/non_jazz/Mythical Mountain.npz,0
adl/non_jazz/My Cellmate Thinks Im Sexy.npz,0
piast/piast_at/non_jazz/YNzLTgc88OE.npz,0
piast/piast_yt/non_jazz/1jd2GzkzLgo.npz,0
adl/non_jazz/Sonata No 5.npz,0
adl/non_jazz/LAmore Vuole Amore.npz,0
adl/non_jazz/Horn Concerto No 4 in E flat K495 II Romance (Andante cantabile).npz,0
adl/non_jazz/A chi.npz,0
adl/non_jazz/Le Ballet.npz,0
adl/non_jazz/This Is The Moment.npz,0
piast/piast_yt/non_jazz/m88DXcqg0P4.npz,0
piast/piast_at/non_jazz/VVmZHRUyjKM.npz,0
adl/non_jazz/Roadside Rose.npz,0
piast/piast_yt/non_jazz/FIyl4-F5SsI.npz,0
piast/piast_yt/non_jazz/4P7pRuqWzIU.npz,0
adl/non_jazz/Questa E Vita.npz,0
adl/non_jazz/Love On The Rocks.npz,0
adl/non_jazz/Legend_of_Zelda_Twilight_Princess_-_Trailer_Theme.npz,0
piast/piast_at/non_jazz/B3YMRO_GJlQ.npz,0
adl/non_jazz/Vogel der Nacht.npz,0
piast/piast_yt/non_jazz/PJAhFofaKds.npz,0
adl/non_jazz/Scacco Matto (Base).npz,0
piast/piast_yt/non_jazz/wDR6TKj1bgQ.npz,0
adl/non_jazz/Super_Mario_Galaxy_GoodEggGalaxy.npz,0
piast/piast_at/non_jazz/bIx4Dwk_part_4.npz,0
adl/non_jazz/Miami To Atlanta.npz,0
piast/piast_yt/non_jazz/hvYp55dMoqk.npz,0
piast/piast_yt/non_jazz/BykTthezOvE.npz,0
adl/non_jazz/Drinking In The Woods.npz,0
piast/piast_yt/non_jazz/Td0ZgLtrplw.npz,0
piast/piast_yt/non_jazz/3vaadyy_WMQ.npz,0
piast/piast_yt/non_jazz/SSaljpKw8RE.npz,0
adl/non_jazz/Jamais Plus Toujours  Bof Jamais Plus Toujours.npz,0
adl/non_jazz/Op30 No6.npz,0
adl/non_jazz/Children Listen-Creation.npz,0
piast/piast_yt/non_jazz/23WkZuq_part_2.npz,0
piast/piast_at/non_jazz/GtSBRsZ_part_9.npz,0
piast/piast_yt/non_jazz/oW5FGUfk_60.npz,0
adl/non_jazz/Gloomy Holiday.npz,0
adl/non_jazz/Madre De La Tierra.npz,0
adl/non_jazz/Colors of the Wind.npz,0
piast/piast_yt/non_jazz/HRn7qyw9Zwg.npz,0
piast/piast_yt/non_jazz/KPIrC3hkPQA.npz,0
piast/piast_yt/non_jazz/wBHxDgAnnl0.npz,0
piast/piast_yt/non_jazz/OEULnFG8dCs.npz,0
adl/non_jazz/Dont Stop The Music.npz,0
adl/non_jazz/If I Aint Got You.npz,0
adl/non_jazz/From A Jack To A King.npz,0
piast/piast_yt/non_jazz/ij640m8ILak.npz,0
piast/piast_at/non_jazz/PaLLBOMjHQg.npz,0
adl/non_jazz/Fields of Gold.npz,0
adl/non_jazz/Colorado Cool-Aid.npz,0
adl/non_jazz/Thinkin Problem (Album Version).npz,0
adl/non_jazz/Italian Concerto 3.npz,0
adl/non_jazz/Hows It Goin Down.npz,0
piast/piast_at/non_jazz/ZJgxZXYpHA0.npz,0
adl/non_jazz/Good Life.npz,0
adl/non_jazz/Mil Lagrimas.npz,0
piast/piast_yt/non_jazz/kt_ELiL-GIQ.npz,0
adl/non_jazz/Village Playing.npz,0
adl/non_jazz/Babylon (Radio Mix 1).npz,0
adl/non_jazz/Portal_StillAlive.npz,0
piast/piast_yt/non_jazz/dJUhnwrXXFo.npz,0
piast/piast_at/non_jazz/HAwkVqpWJaI.npz,0
piast/piast_at/non_jazz/pMA_4z_Xvi0.npz,0
piast/piast_yt/non_jazz/ENfEmonYxZo.npz,0
adl/non_jazz/Ciao Ninìn.npz,0
piast/piast_at/non_jazz/cPUqFsO9MbU.npz,0
piast/piast_yt/non_jazz/x68pCQR2sdc.npz,0
adl/non_jazz/Pick A Pocket Or Two.npz,0
adl/non_jazz/Fur Elise.npz,0
piast/piast_yt/non_jazz/z8vdVEcAXgw.npz,0
piast/piast_at/non_jazz/IJyoDnq8qJs.npz,0
piast/piast_yt/non_jazz/bRGvgJAMRBE.npz,0
adl/non_jazz/Im ForrestForrest Gump.npz,0
adl/non_jazz/I See Me.npz,0
piast/piast_yt/non_jazz/YhzHrY3MKKk.npz,0
piast/piast_yt/non_jazz/xacfDp3Qh8I.npz,0
piast/piast_yt/non_jazz/s71I_EWJk7I.npz,0
adl/non_jazz/Walts of the Flowers.npz,0
piast/piast_yt/non_jazz/kqppfXXb8hc.npz,0
adl/non_jazz/Stars.npz,0
adl/non_jazz/Rearrange (Single Version).npz,0
adl/non_jazz/The Universal.npz,0
adl/non_jazz/Heaven.npz,0
adl/non_jazz/Im Eighteen (Album Version).npz,0
piast/piast_yt/non_jazz/AZrpL2jFHjQ.npz,0
adl/non_jazz/Legend_of_Mana_HometownDomina.npz,0
piast/piast_yt/non_jazz/0Qo8CgUICRg.npz,0
piast/piast_yt/non_jazz/xJZaC7kwq3g.npz,0
adl/non_jazz/Sam_and_Max_-_Carnival_of_the_Odd_by_w3sp.npz,0
piast/piast_yt/non_jazz/tWHvBJTfDbs.npz,0
adl/non_jazz/Be Free (Phunky Freedom Mix).npz,0
adl/non_jazz/Onnenpäivänen.npz,0
piast/piast_yt/non_jazz/4JdoNozqEVI.npz,0
adl/non_jazz/Love Theme A Summer Place.npz,0
piast/piast_yt/non_jazz/kiwm0ZU-VzE.npz,0
adl/non_jazz/(Sittin On) The Dock Of The Bay.npz,0
adl/non_jazz/Bears.npz,0
piast/piast_yt/non_jazz/dy-F8EYHQ3w.npz,0
piast/piast_at/non_jazz/PnWhjbqA0R0.npz,0
adl/non_jazz/Awuamarine Terrace.npz,0
piast/piast_yt/non_jazz/ncqejLlR8Nc.npz,0
piast/piast_at/non_jazz/Xyc9i2R3WII.npz,0
adl/non_jazz/Falling into You.npz,0
adl/non_jazz/Mazurka Op 68 No 2 in A Minor.npz,0
adl/non_jazz/Last Date.npz,0
adl/non_jazz/Melodische Übungsstücke (No 8).npz,0
adl/non_jazz/Top Gun Anthem.npz,0
piast/piast_at/non_jazz/wp4XqnhM0pY.npz,0
piast/piast_at/non_jazz/g_wBElwbPRE.npz,0
piast/piast_yt/non_jazz/OknZgVOzRYQ.npz,0
"adl/non_jazz/Das Wohltemperierte Clavier I, Praeludium XX.npz",0
adl/non_jazz/Gymnopedie 1.npz,0
piast/piast_yt/non_jazz/E8Kw_ubyQB8.npz,0
piast/piast_yt/non_jazz/tLnrnaTuGQc.npz,0
adl/non_jazz/Let Me Heal The Bruises (2004 Digital Remaster).npz,0
piast/piast_yt/non_jazz/2LcwMUWlCAQ.npz,0
adl/non_jazz/All Along the Watchtower.npz,0
adl/non_jazz/From The Land Of Bears_ Ice and Rock.npz,0
adl/non_jazz/Keep It Together.npz,0
adl/non_jazz/Stand Up.npz,0
adl/non_jazz/Dont You Know (Dimmi Come).npz,0
piast/piast_yt/non_jazz/Z1P5LRVBEiE.npz,0
adl/non_jazz/Super_Mario_RPG_Intro.npz,0
adl/non_jazz/Such a Night.npz,0
adl/non_jazz/We Want Tofu.npz,0
adl/non_jazz/Prelude Op 28 No 4.npz,0
adl/non_jazz/Avevo Un Cuore Che Ti Amava Tanto.npz,0
piast/piast_yt/non_jazz/JBq0VyJod6c.npz,0
adl/non_jazz/3Chanson fredonnée.npz,0
piast/piast_yt/non_jazz/UUkCgPD3csQ.npz,0
adl/non_jazz/The World Should Revolve Around Me (Wideboys Full Club Mix).npz,0
adl/non_jazz/18th Variation from Rhapsody on a Theme of Paganini_ Op 43.npz,0
adl/non_jazz/Black Magic Woman - Re-Recording.npz,0
adl/non_jazz/Giselle - Pas de deux (1er Acte).npz,0
adl/non_jazz/Lemmings_Tim2.npz,0
piast/piast_yt/non_jazz/h8BlNyOqqgc.npz,0
piast/piast_at/non_jazz/oa1R4gPtkzg.npz,0
piast/piast_at/non_jazz/2cwOrV6H840.npz,0
adl/non_jazz/Better Sorry Than Safe (Album Version).npz,0
piast/piast_at/non_jazz/LGjxyj8n7Ho.npz,0
adl/non_jazz/Woman In Love.npz,0
adl/non_jazz/Just Go.npz,0
adl/non_jazz/Once in Royal Davids City.npz,0
piast/piast_yt/non_jazz/hkC5sHe46r8.npz,0
adl/non_jazz/Remolino.npz,0
adl/non_jazz/Det bor en ängel i min själ.npz,0
piast/piast_yt/non_jazz/0KmvCpD3YRY.npz,0
adl/non_jazz/Long Ago And Far Away.npz,0
adl/non_jazz/I Didnt Really.npz,0
piast/piast_at/non_jazz/Uk1wyl2I-ws.npz,0
adl/non_jazz/Gimme Some Water.npz,0
piast/piast_yt/non_jazz/qs-L_8c99Mo.npz,0
piast/piast_at/non_jazz/tZZUH0AcT2Q.npz,0
adl/non_jazz/I Dreamed A Dream.npz,0
adl/non_jazz/The Fightin Side Of Me.npz,0
piast/piast_yt/non_jazz/qU3sZ749P1E_part_8.npz,0
adl/non_jazz/Youre Gonna Lose Your Gal.npz,0
adl/non_jazz/Thats Life.npz,0
piast/piast_at/non_jazz/ZemUNg9XnY8.npz,0
adl/non_jazz/Non Dimenticar.npz,0
adl/non_jazz/Ohrbassmus.npz,0
adl/non_jazz/La Bayadère - Variation de Nikya.npz,0
adl/non_jazz/Angels Among Us.npz,0
adl/non_jazz/Lindifférence (live).npz,0
adl/non_jazz/Here Comes The Rain.npz,0
adl/non_jazz/Pres du Coeur.npz,0
adl/non_jazz/Zeig mer dini liebi.npz,0
piast/piast_yt/non_jazz/tcwsP3qnTWY.npz,0
piast/piast_yt/non_jazz/GrNgSf_vpak.npz,0
piast/piast_yt/non_jazz/T4aQmEydAoE.npz,0
piast/piast_at/non_jazz/R0Y51-D_part_4.npz,0
adl/non_jazz/Its A Sure Thing.npz,0
adl/non_jazz/Look at Me.npz,0
adl/non_jazz/Joe Tex_ These Taming Blues.npz,0
piast/piast_yt/non_jazz/TFRGo744DyE.npz,0
adl/non_jazz/Atlantic.npz,0
adl/non_jazz/Jesus Born On This Day (Joy Album Version).npz,0
adl/non_jazz/Donna.npz,0
adl/non_jazz/Can_T Smile Without You.npz,0
adl/non_jazz/Eye Of The Tiger.npz,0
piast/piast_yt/non_jazz/IPsEukPCQI0.npz,0
adl/non_jazz/My Mothers Old Red Shawl 1.npz,0
piast/piast_at/non_jazz/mGddwD3cm3E.npz,0
piast/piast_yt/non_jazz/tMkNg_d_bh8.npz,0
adl/non_jazz/When You Tell Me That You Love Me.npz,0
adl/non_jazz/Two Lives.npz,0
adl/non_jazz/One Step Closer (Album Version).npz,0
piast/piast_yt/non_jazz/w_3q6bTh00c.npz,0
piast/piast_yt/non_jazz/WL8656F-ERg.npz,0
adl/non_jazz/Shadows Of Time.npz,0
adl/non_jazz/Si je men sors.npz,0
adl/non_jazz/Mirjami.npz,0
adl/non_jazz/Lucky Star (Jimahl Remix).npz,0
piast/piast_yt/non_jazz/Z1ar9Kcn9-Q.npz,0
adl/non_jazz/Precious Moments.npz,0
piast/piast_yt/non_jazz/pst7Hkjx9ww.npz,0
piast/piast_at/non_jazz/veYo4d24UU0.npz,0
piast/piast_at/non_jazz/oo_0Ezdbm6g.npz,0
adl/non_jazz/Joyful Chinese.npz,0
adl/non_jazz/Fugues on the Magnificat III 7.npz,0
piast/piast_at/non_jazz/WinxXISX5yo.npz,0
adl/non_jazz/Down To Earth.npz,0
adl/non_jazz/A Fallen Star.npz,0
adl/non_jazz/Gentle On My Mind.npz,0
adl/non_jazz/Watch This (Album Version).npz,0
adl/non_jazz/B major_ Op 32_ n 1.npz,0
adl/non_jazz/Just When I Needed You.npz,0
piast/piast_yt/non_jazz/Mx847hPmd1g.npz,0
adl/non_jazz/La Bomba.npz,0
adl/non_jazz/Ti Yan(OT Goodbye).npz,0
adl/non_jazz/Final_Fantasy_10_Ending.npz,0
piast/piast_yt/non_jazz/da-dtiTKgOU.npz,0
adl/non_jazz/Anakins Theme.npz,0
piast/piast_yt/non_jazz/496zKOhP4bI.npz,0
piast/piast_at/non_jazz/TrXnJHKPrJ4.npz,0
piast/piast_yt/non_jazz/ZzkgNpDvUfc.npz,0
adl/non_jazz/When She Loved Me.npz,0
piast/piast_yt/non_jazz/1QVqhiGs2Cs.npz,0
piast/piast_yt/non_jazz/KlYB5UKBusE.npz,0
piast/piast_yt/non_jazz/KChfZKI7j2A.npz,0
piast/piast_at/non_jazz/-ZYGg918QDc.npz,0
piast/piast_at/non_jazz/ob7Ucvk_part_8.npz,0
adl/non_jazz/OhI.npz,0
adl/non_jazz/Mi Chico Latino.npz,0
piast/piast_yt/non_jazz/Xd8yiuOzPqw.npz,0
adl/non_jazz/The Tide is High.npz,0
adl/non_jazz/World Of Our Own.npz,0
piast/piast_yt/non_jazz/S_16G99RQQw.npz,0
adl/non_jazz/A Day in the Life (feat Michael Rose and Menny More).npz,0
adl/non_jazz/Alt wie ein Baum.npz,0
piast/piast_yt/non_jazz/Btz-2Jemxiw.npz,0
piast/piast_yt/non_jazz/PY-KLzhmM88.npz,0
adl/non_jazz/Prodigal.npz,0
piast/piast_at/non_jazz/WTAHIOqHbtQ.npz,0
adl/non_jazz/Moonage Daydream (2002 Digital Remaster).npz,0
piast/piast_yt/non_jazz/FgTTrgaZ2hE.npz,0
adl/non_jazz/Affair In San Miguel.npz,0
adl/non_jazz/What A Friend We Have In Jesus (2006 Remastered Album Version).npz,0
piast/piast_yt/non_jazz/AMtDuZOzxKw.npz,0
piast/piast_yt/non_jazz/Vi7_i9nDgPY.npz,0
adl/non_jazz/Sapphische Ode.npz,0
adl/non_jazz/Mike In Water Bottle On Piano.npz,0
adl/non_jazz/G minor_ op 15_ n 3.npz,0
piast/piast_yt/non_jazz/cnL8oGjuG08.npz,0
adl/non_jazz/Un-Break My Heart.npz,0
piast/piast_yt/non_jazz/oo45kFqfo7M.npz,0
piast/piast_at/non_jazz/tRfRL7QAqWw.npz,0
adl/non_jazz/Slavonic Dances_ Op 72 No 2 in E Minor (Allegro Grazioso).npz,0
adl/non_jazz/Excalibur Returned.npz,0
piast/piast_yt/non_jazz/j883OhBrBig.npz,0
adl/non_jazz/Anno_1602_IrishTouch.npz,0
piast/piast_at/non_jazz/yO4EKwjL9PE.npz,0
piast/piast_yt/non_jazz/eui1TlLFwA4.npz,0
adl/non_jazz/Hes So Fine.npz,0
piast/piast_yt/non_jazz/qIaQ3FrHVL8.npz,0
piast/piast_yt/non_jazz/zIUZ3jM6XE0.npz,0
adl/non_jazz/Im From The Country.npz,0
adl/non_jazz/Count Me In.npz,0
piast/piast_yt/non_jazz/jlkD-EL-RbI.npz,0
adl/non_jazz/Since I Dont Have You.npz,0
adl/non_jazz/Sonic_the_Hedgehog_-_Green_Hill_Zone_by_Gori_Fater.npz,0
adl/non_jazz/One Year Of Love.npz,0
"adl/non_jazz/Swiss Melody, Op210,No16.npz",0
adl/non_jazz/Blame It On The Boogie.npz,0
piast/piast_yt/non_jazz/cZxXMEBX0Sc.npz,0
adl/non_jazz/Gli Angeli (Italian Mainstream Mix).npz,0
piast/piast_yt/non_jazz/u6_XsKtFgxo.npz,0
adl/non_jazz/Call Me (Original 12 Mix) (1999 Digital Remaster).npz,0
adl/non_jazz/Ill Stand by You.npz,0
adl/non_jazz/Fais moi une place (live).npz,0
adl/non_jazz/Snowboard_Kids_2_SunnyMountain.npz,0
adl/non_jazz/Love Shine a Light.npz,0
piast/piast_yt/non_jazz/n6fI-Ed_part_11.npz,0
adl/non_jazz/Entertainer.npz,0
piast/piast_yt/non_jazz/9virLFufPZE.npz,0
adl/non_jazz/Castlevania_2_Simons_Quest_BloodyTears.npz,0
piast/piast_at/non_jazz/demR2Qupvvk.npz,0
piast/piast_at/non_jazz/Vi7_i9nDgPY.npz,0
piast/piast_at/non_jazz/_1GY7fqeCkw.npz,0
adl/non_jazz/Bailamos.npz,0
piast/piast_yt/non_jazz/s-Qz1KTRJiw.npz,0
piast/piast_yt/non_jazz/GJjtl5qux8I.npz,0
piast/piast_yt/non_jazz/LBMro72jWXA.npz,0
piast/piast_yt/non_jazz/_btjVRf7adU.npz,0
adl/non_jazz/How Many Hearts Have You Broken.npz,0
adl/non_jazz/Georgy Porgy.npz,0
adl/non_jazz/Collider.npz,0
piast/piast_yt/non_jazz/hneKzTtWjqc.npz,0
adl/non_jazz/Final_Fantasy_3_Japan_Battle.npz,0
piast/piast_yt/non_jazz/45JSgInrMOc.npz,0
piast/piast_at/non_jazz/C6QJQYHG9Pk.npz,0
piast/piast_at/non_jazz/zAmjEG6SNXg.npz,0
adl/non_jazz/Nightshift.npz,0
adl/non_jazz/Papillon.npz,0
piast/piast_yt/non_jazz/jTPXwbDtIpA.npz,0
adl/non_jazz/Rockin Robin.npz,0
piast/piast_yt/non_jazz/AqkiuZY_part_16.npz,0
adl/non_jazz/Le Cygne - Le Carnaval des Animaux.npz,0
adl/non_jazz/Non mollare mai.npz,0
adl/non_jazz/Elenore.npz,0
piast/piast_yt/non_jazz/UgyIYRnoCho.npz,0
piast/piast_at/non_jazz/cFo623YQ-Zc.npz,0
adl/non_jazz/Sweet Hour Of Prayer (Medley)  (Love To Tell The Story Album Version).npz,0
piast/piast_yt/non_jazz/FGaXiPbnem4.npz,0
adl/non_jazz/Bella Canzone Mia.npz,0
piast/piast_yt/non_jazz/TzxjP3lh0II.npz,0
piast/piast_yt/non_jazz/j0dEagRZO_Q.npz,0
adl/non_jazz/Into the Groove.npz,0
"adl/non_jazz/Das Wohltemperierte Clavier I, Praeludium X.npz",0
piast/piast_at/non_jazz/QokPZAnzmuk.npz,0
piast/piast_yt/non_jazz/3E2PQgefj74.npz,0
adl/non_jazz/Ming Tian Shi Fou Ai Wo.npz,0
adl/non_jazz/La Puerta De Alcala (Con Victor Manuel).npz,0
piast/piast_yt/non_jazz/CFiA5lpgOX4.npz,0
adl/non_jazz/Solo Tu (Album Version).npz,0
adl/non_jazz/Morning Mood from Peer Gynt Suite No1_ Op46.npz,0
piast/piast_yt/non_jazz/bhP09hRQlPk.npz,0
adl/non_jazz/Mademoiselle Chante Le Blues.npz,0
piast/piast_at/non_jazz/VmXPLWbVlwA.npz,0
adl/non_jazz/A Taste of Something.npz,0
piast/piast_at/non_jazz/q_SS10NRzr0.npz,0
adl/non_jazz/Mr Roboto.npz,0
piast/piast_at/non_jazz/GVdKRnwlo1U.npz,0
adl/non_jazz/Oye Este Canto.npz,0
adl/non_jazz/Tortugas y Sumos.npz,0
piast/piast_yt/non_jazz/EDyirP_-TO4.npz,0
piast/piast_yt/non_jazz/DDOAp36KPZ4.npz,0
adl/non_jazz/Find Me (LP Version).npz,0
adl/non_jazz/Legend_Of_Zelda_The_The_Wind_Waker_IntroductionStory.npz,0
adl/non_jazz/Guys Do It All The Time.npz,0
adl/non_jazz/Miles Away (LP Version).npz,0
adl/non_jazz/Just One Day (Original Version).npz,0
adl/non_jazz/Kinderszenen (Scenes from Childhood) Op 15 12 Kind im Einschlummern (Child Falling Asleep).npz,0
adl/non_jazz/Hell Have To Go.npz,0
"adl/non_jazz/You Can Fly, You Can Fly, You Can Fly.npz",0
piast/piast_yt/non_jazz/SnrTGdjQL7k.npz,0
adl/non_jazz/Games People Play.npz,0
adl/non_jazz/Gavotte.npz,0
adl/non_jazz/Those Shoes.npz,0
adl/non_jazz/Part I.npz,0
piast/piast_yt/non_jazz/5Pfv4N0ymxI.npz,0
adl/non_jazz/Would You Hold It Against Me.npz,0
adl/non_jazz/Love Is All Around.npz,0
piast/piast_at/non_jazz/r3xeCZhpixU.npz,0
adl/non_jazz/Llegado el momento.npz,0
adl/non_jazz/Holy Land (Album).npz,0
adl/non_jazz/Questions Of My Childhood.npz,0
adl/non_jazz/Tuvan.npz,0
adl/non_jazz/Indigo Passion.npz,0
piast/piast_at/non_jazz/EYKay3PRdhI.npz,0
adl/non_jazz/Aion_Tower_of_Eternity_SongofMoonlight.npz,0
adl/non_jazz/Canzone Per Silvia.npz,0
piast/piast_yt/non_jazz/LOJn4wylfms.npz,0
piast/piast_at/non_jazz/C0jrUxvp4Bo.npz,0
adl/non_jazz/Lightening Strikes.npz,0
adl/non_jazz/Rosa Marchita (Cracklin Rose).npz,0
piast/piast_yt/non_jazz/30dabETgGy4.npz,0
adl/non_jazz/Two Dances.npz,0
adl/non_jazz/The Song of  Love.npz,0
adl/non_jazz/Saving My Face (Live From Drastic Fantastic Tour).npz,0
piast/piast_yt/non_jazz/qNoq240t54I.npz,0
piast/piast_at/non_jazz/uSvxgUTypZU.npz,0
adl/non_jazz/Suddenly Seymour.npz,0
piast/piast_yt/non_jazz/EpEzW6Tk0Gg.npz,0
piast/piast_yt/non_jazz/BGRekSzSrjo.npz,0
piast/piast_at/non_jazz/jtlEB4tWfwU.npz,0
adl/non_jazz/Life Is Real (Song For Lennon) (1994 Digital Remaster).npz,0
adl/non_jazz/.mid.npz,0
piast/piast_at/non_jazz/O4BM2Ir_part_1.npz,0
adl/non_jazz/Bora-Bora.npz,0
piast/piast_yt/non_jazz/wblh55n9MKE.npz,0
adl/non_jazz/Mujer Contra Mujer.npz,0
adl/non_jazz/LEsclave.npz,0
adl/non_jazz/Grand Canyon - Melodie  .npz,0
adl/non_jazz/If You Leave Me Now (Dance Extended Club Mix).npz,0
adl/non_jazz/Superwoman.npz,0
adl/non_jazz/Cleanin Up Christmas.npz,0
adl/non_jazz/Batamania.npz,0
adl/non_jazz/Lets Put Love Back To Work (Album Version).npz,0
piast/piast_at/non_jazz/iz3fQ6Nzc0s.npz,0
piast/piast_yt/non_jazz/n4Uq8C3jZH4.npz,0
adl/non_jazz/The One And Only.npz,0
adl/non_jazz/Good Times (Original 12  Mix).npz,0
adl/non_jazz/Show Me The Meaning Of Being Lonely.npz,0
piast/piast_yt/non_jazz/BP2B5ua9AzE.npz,0
adl/non_jazz/Many Too Many.npz,0
adl/non_jazz/Where Do I Fit In The Picture (Album Version).npz,0
piast/piast_yt/non_jazz/-fYeNQi1UsY.npz,0
piast/piast_yt/non_jazz/xjMsdXJzU2E.npz,0
adl/non_jazz/Fool For You.npz,0
adl/non_jazz/Dont You Remember.npz,0
piast/piast_yt/non_jazz/ok5SvJGMAJM.npz,0
adl/non_jazz/Sleepy Dragon.npz,0
piast/piast_yt/non_jazz/FoCG-WNsZio.npz,0
adl/non_jazz/My Surprise.npz,0
adl/non_jazz/Warum.npz,0
adl/non_jazz/Gretchen am Spinnrade.npz,0
adl/non_jazz/Zelda_II_The_Adventure_of_Link_Palace.npz,0
piast/piast_yt/non_jazz/C6EJXtD25GA.npz,0
piast/piast_yt/non_jazz/flYf_Ivq6sI.npz,0
adl/non_jazz/Sonate Opus KV 331 - Variation 2.npz,0
adl/non_jazz/Le Fragile Parfum Des Roses.npz,0
piast/piast_yt/non_jazz/xVrCADQjAQE.npz,0
piast/piast_yt/non_jazz/k2B_-LKov7I.npz,0
piast/piast_yt/non_jazz/hm5SLHan-wI.npz,0
adl/non_jazz/Uptown Girl.npz,0
adl/non_jazz/Donkey_Kong_Land_Temple.npz,0
piast/piast_yt/non_jazz/gOHFQ7PTYl8.npz,0
piast/piast_yt/non_jazz/CWq7RuP5JhU.npz,0
piast/piast_yt/non_jazz/2vbeLccWH9k.npz,0
piast/piast_at/non_jazz/4D21-zSkCRE.npz,0
adl/non_jazz/Gavottte.npz,0
piast/piast_yt/non_jazz/JPyHbvA99hc.npz,0
